{"cameraMode":{"drawMode":0,"name":"Shaded","section":"Shading Mode"},"sceneLighting":true,"audioPlay":false,"sceneViewState":{"showFog":true,"showMaterialUpdate":false,"showSkybox":true,"showFlares":true,"showImageEffects":true,"showParticleSystems":true},"in2DMode":false,"pivot":{"x":-0.28165578842163088,"y":1.560096263885498,"z":0.6130995750427246},"rotation":{"x":-0.05779281631112099,"y":0.9092659950256348,"z":-0.13492095470428468,"w":-0.38947829604148867},"size":10.0,"orthographic":false}